<?xml version="1.0" encoding="UTF-8"?>
<!DOCTYPE hibernate-mapping PUBLIC
"-//hibernate/hibernatemappingdtd3.0//en"
"http://hibernate.sourceforge.net/hibernate-mapping-3.0.dtd">

<hibernate-mapping>  
  
<class name="com.javatpoint.Question" table="question736">  
<id name="id">  
<generator class="native"></generator>  
</id>  
<property name="name"></property>  
<property name="username"></property>  
  
<map name="answers" table="answer736" cascade="all">  
<key column="questionid"></key>  
<index column="answer" type="string"></index>  
<element column="username" type="string"></element>  
</map>  
</class>  
  
</hibernate-mapping>           