<?xml version="1.0" encoding="UTF-8"?>
<!DOCTYPE hibernate-configuration PUBLIC
"-//hibernate/hibernateconfigurationdtd3.0//en"
"http://hibernate.sourceforge.net/hibernate-configuration-3.0.dtd">
<hibernate-configuration>
<session-factory>
<property name="dialect">org.hibernate.dialect.MySQLDialect</property>
  <property name="connection.url">jdbc:mysql://localhost:3306/sandip</property>
  <property name="connection.username">root</property>
  <property name="connection.password">1234</property>
  <property name="connection.driver_class">com.mysql.cj.jdbc.Driver</property>
<property name="hibernate.hbm2ddl.auto">update</property>
<property name="show-sql">true</property>

		<mapping resource="co/vinod/mait/entity/Book.hbm.xml" />
	</session-factory>
</hibernate-configuration>










