<?xml version="1.0" encoding="UTF-8"?>
<!DOCTYPE hibernate-mapping PUBLIC
"-//hibernate/hibernatemappingdtd3.0//en"
"http://hibernate.sourceforge.net/hibernate-mapping-3.0.dtd">
  
<hibernate-mapping>  
 <class name="com.javatpoint.Question" table="q1002">  
   <id name="id">  
     <generator class="increment"></generator>  
   </id>  
   <property name="qname"></property>  
            
   <set name="answers" table="ans1002">  
     <key column="qid"></key>  
     <element column="answer" type="string"></element>  
   </set>  
            
 </class>  
            
</hibernate-mapping>  