<?xml version="1.0" encoding="UTF-8"?>
<!DOCTYPE hibernate-mapping PUBLIC
"-//hibernate/hibernate mapping dtd2.0//en"
"http://hibernate.sourceforge.net/hibernate-mapping-3.0.dtd">
<hibernate-mapping>
<class name="mypojo" table="login">
<id name="uname" column="username" type="string">
<generator class ="assigned"></generator></id>
<property name="pword" type="string" column="password" />
<property name="phone" type="string" column="phoneno" />
<property name="email" type="string" column="email" />
<property name="address" type="string" column="address" />
</class>
</hibernate-mapping>