<?xml version="1.0" encoding="UTF-8"?>
<!DOCTYPE hibernate-mapping PUBLIC
"-//hibernate/hibernatemappingdtd3.0//en"
"http://hibernate.sourceforge.net/hibernate-mapping-3.0.dtd">

<hibernate-mapping>  
          <class name="com.javatpoint.Employee" table="emp292">  
          <id name="employeeId">  
          <generator class="increment"></generator>  
          </id>  
          <property name="name"></property>  
          <property name="email"></property>  
            
          <many-to-one name="address" cascade="all"></many-to-one>  
          </class>  
            
          </hibernate-mapping>  